Source File	Size	loadResources	load	generateSnapshots	load-configure	scan	loadDepInfo	loadInfo	checkR4R4B	generateNarratives	validate	loadLists	checkConformanceResources	checkConformanceResources2	checkConformanceResources3	generateLogicalMaps	validateExpressions	scanForUsageStats	checkURLsUnique	processProvenanceDetails	translate	generate1	generate2	generateLogicals	makeDependencies	generateExampleZip	generateValidationPack	scanProfilesForR5	scanExamplesForR5
/input/us-quality-core.xml	48663	-	0	0	0	0	0	0	22	92	0	0	0	0	1	0	0	1	0	0	0	317	1258	0	0	0	14	0	14
input/profiles/StructureDefinition-us-quality-core-adverseevent.json	10969	4	0	54	3	0	0	0	1	65	0	0	1	0	1	0	0	1	0	0	0	172	1177	0	1	0	5	0	1
input/profiles/StructureDefinition-us-quality-core-allergyintolerance.json	6664	2	0	26	0	0	0	0	0	36	0	0	0	0	1	0	0	1	0	0	0	167	494	0	0	0	6	1	1
input/profiles/StructureDefinition-us-quality-core-bodystructure.json	2620	2	0	15	1	0	0	0	0	15	0	0	0	0	0	0	0	1	0	0	0	77	325	0	0	0	2	0	1
input/profiles/StructureDefinition-us-quality-core-careplan.json	6447	2	0	33	0	0	0	0	0	35	0	0	0	0	1	0	0	1	0	0	0	193	2112	0	0	0	7	0	1
input/profiles/StructureDefinition-us-quality-core-careteam.json	3906	1	0	23	0	0	0	0	0	13	0	0	0	0	1	0	0	0	0	0	0	98	393	0	0	0	3	0	1
input/profiles/StructureDefinition-us-quality-core-claim.json	8705	3	0	67	1	0	0	0	0	47	0	0	0	0	1	0	0	2	0	0	0	344	885	0	0	0	11	1	3
input/profiles/StructureDefinition-us-quality-core-claimresponse.json	14493	2	0	76	0	0	0	0	1	33	0	0	1	0	0	0	0	1	0	0	0	317	714	0	0	0	11	1	2
input/profiles/StructureDefinition-us-quality-core-communication.json	4608	2	0	19	0	0	0	0	0	13	0	0	0	0	1	0	0	1	0	0	0	102	278	0	0	0	4	0	1
input/profiles/StructureDefinition-us-quality-core-communicationnotdone.json	4895	1	0	31	1	0	0	0	0	14	0	0	0	0	1	0	0	0	0	0	0	112	302	0	0	0	4	0	1
input/profiles/StructureDefinition-us-quality-core-communicationrequest.json	4734	2	0	20	0	0	0	0	0	12	0	0	0	0	1	0	0	1	0	0	0	96	281	0	0	0	3	0	0
input/profiles/StructureDefinition-us-quality-core-condition-encounter-diagnosis.json	5656	2	0	25	0	0	0	0	0	14	0	0	0	0	1	0	0	0	0	0	0	131	8512	0	0	0	5	1	2
input/profiles/StructureDefinition-us-quality-core-condition-problems-health-concerns.json	6784	2	0	23	0	0	0	0	1	17	0	0	0	0	0	0	0	1	0	0	0	143	1334	0	0	0	5	0	1
input/profiles/StructureDefinition-us-quality-core-coverage.json	12017	2	0	31	1	0	0	0	0	25	0	0	0	0	1	0	0	1	0	0	0	189	535	0	1	0	6	1	2
input/profiles/StructureDefinition-us-quality-core-device.json	2090	1	0	24	0	0	0	0	0	16	0	0	0	0	1	0	0	0	0	0	0	125	412	0	0	0	5	0	1
input/profiles/StructureDefinition-us-quality-core-devicenotrequested.json	5755	2	0	38	0	0	0	0	0	16	0	0	0	0	1	0	0	1	0	0	0	128	328	0	0	0	4	0	1
input/profiles/StructureDefinition-us-quality-core-devicerequest.json	3782	2	0	19	0	0	0	0	0	47	0	0	0	0	1	0	0	1	0	0	0	109	291	0	0	0	4	1	1
input/profiles/StructureDefinition-us-quality-core-deviceusestatement.json	3399	1	0	11	1	0	0	0	0	12	0	0	0	0	1	0	0	0	0	0	0	72	219	0	0	0	3	0	0
input/profiles/StructureDefinition-us-quality-core-diagnosticreport-lab.json	8813	2	0	16	0	0	0	0	0	26	0	0	0	0	0	0	0	1	0	0	0	126	320	0	0	0	5	0	1
input/profiles/StructureDefinition-us-quality-core-diagnosticreport-note.json	9262	2	0	18	0	0	0	0	1	29	0	0	1	0	1	0	0	0	0	0	0	124	331	0	0	0	4	0	1
input/profiles/StructureDefinition-us-quality-core-encounter.json	16940	3	0	33	0	0	0	0	1	53	0	0	0	0	1	0	0	1	0	0	0	241	541	0	0	0	8	1	2
input/profiles/StructureDefinition-us-quality-core-familymemberhistory.json	4543	2	0	15	1	0	0	0	0	23	0	0	0	0	0	0	0	1	0	0	0	110	299	0	0	0	5	0	1
input/profiles/StructureDefinition-us-quality-core-flag.json	2752	2	0	10	0	0	0	0	0	13	0	0	0	0	1	0	0	0	0	0	0	62	198	0	0	0	2	0	0
input/profiles/StructureDefinition-us-quality-core-goal.json	4644	1	0	13	0	0	0	0	0	18	0	0	0	0	1	0	0	0	0	0	0	91	300	0	0	0	3	0	1
input/profiles/StructureDefinition-us-quality-core-imagingstudy.json	8780	3	0	34	0	0	0	0	1	40	0	0	0	0	0	0	0	1	0	0	0	150	362	0	0	0	5	1	1
input/profiles/StructureDefinition-us-quality-core-immunization.json	5524	2	0	29	1	0	0	0	0	30	0	0	0	0	1	0	0	1	0	0	0	142	348	0	0	0	5	0	1
input/profiles/StructureDefinition-us-quality-core-immunizationevaluation.json	5285	2	0	8	0	0	0	0	0	17	0	0	0	0	1	0	0	0	0	0	0	76	214	0	0	0	3	0	0
input/profiles/StructureDefinition-us-quality-core-immunizationnotdone.json	5951	2	0	17	0	0	0	0	0	32	0	0	0	0	0	0	0	1	0	0	0	201	411	0	0	0	6	0	1
input/profiles/StructureDefinition-us-quality-core-immunizationrecommendation.json	4790	2	0	11	0	0	0	0	0	25	0	0	0	0	1	0	0	0	0	0	0	98	242	0	0	0	3	1	1
input/profiles/StructureDefinition-us-quality-core-location.json	3402	2	0	15	0	0	0	0	1	22	0	0	0	0	1	0	0	1	0	0	0	114	290	0	0	0	4	0	1
input/profiles/StructureDefinition-us-quality-core-medication.json	3565	2	0	9	1	0	0	0	0	16	0	0	0	0	0	0	0	0	0	0	0	87	236	0	0	0	3	0	0
input/profiles/StructureDefinition-us-quality-core-medicationadministration.json	6063	2	0	17	0	0	0	0	0	511	0	0	1	0	1	0	0	1	0	0	0	124	337	0	1	0	5	1	1
input/profiles/StructureDefinition-us-quality-core-medicationadministrationnotdone.json	7133	2	0	15	0	0	0	0	0	29	0	0	0	0	0	0	0	1	0	0	0	143	342	0	0	0	5	0	1
input/profiles/StructureDefinition-us-quality-core-medicationdispense.json	10020	2	0	32	1	0	0	0	0	24	0	0	0	0	1	0	0	0	0	0	0	197	476	0	0	0	7	0	1
input/profiles/StructureDefinition-us-quality-core-medicationdispensedeclined.json	9589	2	0	27	0	0	0	0	0	21	0	0	0	0	0	0	0	1	0	0	0	195	447	0	0	0	7	1	1
input/profiles/StructureDefinition-us-quality-core-medicationnotrequested.json	12694	3	0	27	1	0	0	0	0	27	0	0	0	0	1	0	0	1	0	0	0	253	508	0	0	0	10	0	2
input/profiles/StructureDefinition-us-quality-core-medicationrequest.json	18586	3	0	38	0	0	0	0	1	31	0	0	0	0	1	0	0	2	0	0	0	297	605	0	0	0	11	1	2
input/profiles/StructureDefinition-us-quality-core-medicationstatement.json	6314	1	0	17	0	0	0	0	0	18	0	0	0	0	0	0	0	0	0	0	0	143	394	0	0	0	5	0	1
input/profiles/StructureDefinition-us-quality-core-nonpatient-observation.json	15526	2	0	25	0	0	0	0	1	26	0	0	0	0	1	0	0	1	0	0	0	203	3010	0	0	0	8	0	1
input/profiles/StructureDefinition-us-quality-core-nutritionorder.json	2396	2	0	20	0	0	0	0	0	15	0	0	1	0	1	0	0	1	0	0	0	147	349	0	0	0	5	0	1
input/profiles/StructureDefinition-us-quality-core-observation-clinical-result.json	10050	2	0	20	1	0	0	0	0	22	0	0	0	0	0	0	0	1	0	0	0	188	403	0	0	0	8	1	1
input/profiles/StructureDefinition-us-quality-core-observation-lab.json	14001	2	0	23	0	0	0	0	1	23	0	0	0	0	1	0	0	1	0	0	0	207	2084	0	0	0	8	0	1
input/profiles/StructureDefinition-us-quality-core-observation-screening-assessment.json	20437	3	0	55	0	0	0	0	0	30	0	0	0	0	0	0	0	0	0	0	0	220	4493	0	1	0	8	0	1
input/profiles/StructureDefinition-us-quality-core-observationcancelled.json	11622	2	0	26	0	0	0	0	0	23	0	0	0	0	1	0	0	1	0	0	0	197	408	0	0	0	8	0	1
input/profiles/StructureDefinition-us-quality-core-organization.json	5033	2	0	33	0	0	0	0	0	18	0	0	0	0	1	0	0	1	0	0	0	159	401	0	0	0	7	0	1
input/profiles/StructureDefinition-us-quality-core-patient.json	25143	4	0	34	1	0	0	0	0	32	0	0	0	0	0	0	0	2	0	0	0	278	1648	0	0	0	10	1	2
input/profiles/StructureDefinition-us-quality-core-practitioner.json	10168	2	0	26	0	0	0	0	0	24	0	0	0	0	1	0	0	1	0	0	0	206	428	0	0	0	8	0	1
input/profiles/StructureDefinition-us-quality-core-practitionerrole.json	8346	2	0	17	0	0	0	0	1	23	0	0	1	0	0	0	0	0	0	0	0	143	327	0	0	0	5	0	1
input/profiles/StructureDefinition-us-quality-core-procedure.json	8815	2	0	18	0	0	0	0	0	17	0	0	0	0	1	0	0	1	0	0	0	146	344	0	0	0	5	0	1
input/profiles/StructureDefinition-us-quality-core-procedurenotdone.json	8932	2	0	19	0	0	0	0	0	16	0	0	0	0	1	0	0	1	0	0	0	155	352	0	0	0	6	0	1
input/profiles/StructureDefinition-us-quality-core-questionnaireresponse.json	5044	1	0	14	1	0	0	0	0	12	0	0	0	0	0	0	0	0	0	0	0	126	316	0	0	0	4	0	0
input/profiles/StructureDefinition-us-quality-core-relatedperson.json	4447	2	0	12	0	0	0	0	0	8	0	0	0	0	1	0	0	1	0	0	0	82	210	0	0	0	3	1	1
input/profiles/StructureDefinition-us-quality-core-servicenotrequested.json	10042	3	0	21	0	0	0	0	0	17	0	0	0	0	0	0	0	0	0	0	0	155	356	0	1	0	6	0	1
input/profiles/StructureDefinition-us-quality-core-servicerequest.json	9664	2	0	20	0	0	0	0	0	14	0	0	0	0	1	0	0	1	0	0	0	140	345	0	0	0	5	0	1
input/profiles/StructureDefinition-us-quality-core-simple-observation.json	18874	2	0	23	0	0	0	0	1	22	0	0	0	0	1	0	0	1	0	0	0	212	405	0	0	0	8	0	1
input/profiles/StructureDefinition-us-quality-core-substance.json	2574	2	0	11	1	0	0	0	0	9	0	0	0	0	0	0	0	0	0	0	0	79	254	0	0	0	3	0	0
input/profiles/StructureDefinition-us-quality-core-task.json	4812	1	0	21	0	0	0	0	0	47	0	0	0	0	1	0	0	1	0	0	0	138	347	0	0	0	5	0	1
input/profiles/StructureDefinition-us-quality-core-taskrejected.json	6425	2	0	22	0	0	0	0	0	17	0	0	0	0	0	0	0	1	0	0	0	159	362	0	0	0	6	0	1
input/resources/CapabilityStatement-us-quality-core-client.json	127201	7	0	0	14	0	0	0	10	90	0	0	0	0	1	0	0	0	0	0	0	273	157	0	2	0	10	0	1
input/resources/CapabilityStatement-us-quality-core-server.json	128141	7	0	0	1	0	0	0	9	60	0	0	0	0	0	0	0	0	0	0	0	331	148	0	2	0	9	0	2
input/resources/SearchParameter-us-quality-core-adverseevent-event.json	904	2	0	0	0	0	0	0	0	5	0	0	0	0	1	0	0	0	0	0	0	14	7	0	0	0	1	0	0
input/resources/SearchParameter-us-quality-core-adverseevent-recorded-date.json	2739	1	0	0	0	0	0	0	1	2	0	0	0	0	0	0	0	0	0	0	0	11	8	0	0	0	1	0	0
input/resources/SearchParameter-us-quality-core-adverseevent-subject.json	948	2	0	0	1	0	0	0	0	3	0	0	0	0	1	0	0	0	0	0	0	10	6	0	0	0	1	0	0
input/resources/SearchParameter-us-quality-core-allergyintolerance-patient.json	956	1	0	0	0	0	0	0	0	2	0	0	0	0	0	0	0	0	0	0	0	10	7	0	0	0	0	0	0
input/resources/SearchParameter-us-quality-core-bodystructure-patient.json	926	1	0	0	0	0	0	0	0	2	0	0	0	0	0	0	0	0	0	0	0	8	6	0	0	0	0	0	0
input/resources/SearchParameter-us-quality-core-careplan-category.json	898	2	0	0	0	0	0	0	0	2	0	0	0	0	1	0	0	0	0	0	0	9	6	0	0	0	0	0	0
input/resources/SearchParameter-us-quality-core-careplan-patient.json	924	1	0	0	0	0	0	0	0	2	0	0	0	0	0	0	0	0	0	0	0	9	6	0	0	0	0	0	0
input/resources/SearchParameter-us-quality-core-careteam-patient.json	924	1	0	0	1	0	0	0	0	3	0	0	0	0	1	0	0	0	0	0	0	8	6	0	0	0	1	0	0
input/resources/SearchParameter-us-quality-core-careteam-status.json	886	1	0	0	0	0	0	0	1	2	0	0	0	0	0	0	0	0	0	0	0	9	6	0	0	0	0	0	0
input/resources/SearchParameter-us-quality-core-claim-patient.json	878	2	0	0	0	0	0	0	0	2	0	0	0	0	0	0	0	0	0	0	0	9	6	0	0	0	0	0	0
input/resources/SearchParameter-us-quality-core-claimresponse-patient.json	926	1	0	0	0	0	0	0	0	2	0	0	0	0	1	0	0	0	0	0	0	9	6	0	0	0	0	0	0
input/resources/SearchParameter-us-quality-core-claimresponse-type.json	904	1	0	0	0	0	0	0	0	3	0	0	0	0	0	0	0	0	0	0	0	9	7	0	0	0	0	0	0
input/resources/SearchParameter-us-quality-core-communication-patient.json	954	1	0	0	1	0	0	0	0	2	0	0	0	0	1	0	0	0	0	0	0	9	6	0	0	0	1	0	0
input/resources/SearchParameter-us-quality-core-communication-topic.json	910	2	0	0	0	0	0	0	0	2	0	0	0	0	0	0	0	0	0	0	0	9	6	0	0	0	0	0	0
input/resources/SearchParameter-us-quality-core-communicationrequest-category.json	970	1	0	0	0	0	0	0	0	2	0	0	0	0	0	0	0	0	0	0	0	9	6	0	0	0	0	0	0
input/resources/SearchParameter-us-quality-core-communicationrequest-patient.json	996	1	0	0	0	0	0	0	0	2	0	0	0	0	1	0	0	0	0	0	0	10	6	0	0	0	0	0	0
input/resources/SearchParameter-us-quality-core-condition-abatement-date.json	2421	1	0	0	0	0	0	0	1	3	0	0	0	0	0	0	0	0	0	0	0	11	7	0	0	0	1	0	0
input/resources/SearchParameter-us-quality-core-condition-category.json	904	2	0	0	1	0	0	0	0	2	0	0	0	0	0	0	0	0	0	0	0	9	7	0	0	0	0	0	0
input/resources/SearchParameter-us-quality-core-condition-code.json	880	1	0	0	0	0	0	0	0	2	0	0	0	0	1	0	0	1	0	0	0	9	6	0	0	0	0	0	0
input/resources/SearchParameter-us-quality-core-condition-onset-date.json	2393	1	0	0	0	0	0	0	0	2	0	0	0	0	0	0	0	0	0	0	0	11	7	0	0	0	0	0	0
input/resources/SearchParameter-us-quality-core-condition-patient.json	930	2	0	0	0	0	0	0	1	2	0	0	0	0	1	0	0	0	0	0	0	8	6	0	0	0	0	0	0
input/resources/SearchParameter-us-quality-core-coverage-patient.json	900	1	0	0	0	0	0	0	0	2	0	0	0	0	0	0	0	0	0	0	0	9	6	0	0	0	1	0	0
input/resources/SearchParameter-us-quality-core-device-patient.json	884	1	0	0	1	0	0	0	0	2	0	0	0	0	0	0	0	0	0	0	0	9	6	0	0	0	0	0	0
input/resources/SearchParameter-us-quality-core-device-type.json	862	1	0	0	0	0	0	0	0	1	0	0	0	0	1	0	0	0	0	0	0	9	6	0	0	0	0	0	0
input/resources/SearchParameter-us-quality-core-devicerequest-code.json	924	2	0	0	0	0	0	0	0	2	0	0	0	0	0	0	0	0	0	0	0	8	6	0	0	0	0	0	0
input/resources/SearchParameter-us-quality-core-devicerequest-do-not-perform.json	1065	1	0	0	0	0	0	0	0	3	0	0	0	0	1	0	0	0	0	0	0	9	6	0	0	0	1	0	0
input/resources/SearchParameter-us-quality-core-devicerequest-patient.json	954	1	0	0	1	0	0	0	0	2	0	0	0	0	0	0	0	0	0	0	0	9	6	0	0	0	0	0	0
input/resources/SearchParameter-us-quality-core-deviceusestatement-device-type.json	975	1	0	0	0	0	0	0	0	2	0	0	0	0	0	0	0	0	0	0	0	9	6	0	0	0	0	0	0
input/resources/SearchParameter-us-quality-core-deviceusestatement-patient.json	984	2	0	0	0	0	0	0	1	1	0	0	0	0	1	0	0	0	0	0	0	9	6	0	0	0	0	0	0
input/resources/SearchParameter-us-quality-core-diagnosticreport-category.json	946	1	0	0	0	0	0	0	0	2	0	0	0	1	0	0	0	0	0	0	0	9	6	0	0	0	0	0	0
input/resources/SearchParameter-us-quality-core-diagnosticreport-code.json	922	1	0	0	0	0	0	0	0	3	0	0	0	0	1	0	0	0	0	0	0	10	6	0	0	0	1	0	0
input/resources/SearchParameter-us-quality-core-diagnosticreport-date.json	2716	2	0	0	1	0	0	0	0	2	0	0	0	0	0	0	0	0	0	0	0	11	6	0	0	0	0	0	0
input/resources/SearchParameter-us-quality-core-diagnosticreport-patient.json	972	1	0	0	0	0	0	0	0	2	0	0	0	0	0	0	0	0	0	0	0	9	6	0	0	0	0	0	0
input/resources/SearchParameter-us-quality-core-encounter-date.json	2671	3	0	0	1	0	0	0	1	2	0	0	0	0	1	0	0	0	0	0	0	10	7	0	0	0	0	0	0
input/resources/SearchParameter-us-quality-core-encounter-id.json	866	2	0	0	0	0	0	0	0	2	0	0	0	0	0	0	0	0	0	0	0	9	5	0	0	0	1	0	0
input/resources/SearchParameter-us-quality-core-encounter-patient.json	930	1	0	0	0	0	0	0	0	2	0	0	0	0	0	0	0	0	0	0	0	9	6	0	0	0	0	0	0
input/resources/SearchParameter-us-quality-core-encounter-type.json	880	2	0	0	1	0	0	0	0	2	0	0	0	0	1	0	0	0	0	0	0	9	6	0	0	0	0	0	0
input/resources/SearchParameter-us-quality-core-familymemberhistory-patient.json	962	1	0	0	0	0	0	0	0	2	0	0	0	0	0	0	0	0	0	0	0	9	6	0	0	0	0	0	1
input/resources/SearchParameter-us-quality-core-flag-code.json	850	1	0	0	0	0	0	0	0	2	0	0	0	0	1	0	0	0	0	0	0	8	6	0	0	0	0	0	0
input/resources/SearchParameter-us-quality-core-flag-patient.json	900	2	0	0	0	0	0	0	0	2	0	0	0	0	0	0	0	0	0	0	0	9	6	0	0	0	1	0	0
input/resources/SearchParameter-us-quality-core-goal-patient.json	900	1	0	0	1	0	0	0	1	2	0	0	0	0	0	0	0	0	0	0	0	9	6	0	0	0	0	0	0
input/resources/SearchParameter-us-quality-core-immunization-date.json	2347	1	0	0	0	0	0	0	0	2	0	0	0	0	1	0	0	0	0	0	0	10	7	0	0	0	0	0	0
input/resources/SearchParameter-us-quality-core-immunization-patient.json	920	2	0	0	1	0	0	0	0	2	0	0	0	0	0	0	0	0	0	0	0	10	6	0	0	0	0	0	0
input/resources/SearchParameter-us-quality-core-immunization-status.json	910	1	0	0	0	0	0	0	0	2	0	0	0	0	0	0	0	0	0	0	0	10	6	0	0	0	0	0	0
input/resources/SearchParameter-us-quality-core-immunizationevaluation-patient.json	980	1	0	0	0	0	0	0	0	2	0	0	0	0	1	0	0	0	0	0	0	9	5	0	0	0	1	0	0
input/resources/SearchParameter-us-quality-core-immunizationevaluation-target-disease.json	1016	1	0	0	0	0	0	0	0	2	0	0	0	0	0	0	0	0	0	0	0	9	6	0	0	0	0	0	0
input/resources/SearchParameter-us-quality-core-location-id.json	515	2	0	0	1	0	0	0	1	2	0	0	0	0	1	0	0	0	0	0	0	9	5	0	0	0	0	0	0
input/resources/SearchParameter-us-quality-core-medication-code.json	886	1	0	0	0	0	0	0	0	2	0	0	0	0	0	0	0	0	0	0	0	9	6	0	0	0	0	0	0
input/resources/SearchParameter-us-quality-core-medicationadministration-code.json	996	1	0	0	0	0	0	0	0	2	0	0	0	0	0	0	0	0	0	0	0	8	6	0	0	0	1	0	0
input/resources/SearchParameter-us-quality-core-medicationadministration-effective-time.json	2813	1	0	0	0	0	0	0	0	3	0	0	0	0	1	0	0	0	0	0	0	12	7	0	0	0	0	0	0
input/resources/SearchParameter-us-quality-core-medicationadministration-patient.json	1020	2	0	0	0	0	0	0	0	2	0	0	0	0	0	0	0	0	0	0	0	9	6	0	0	0	0	0	0
input/resources/SearchParameter-us-quality-core-medicationadministration-status.json	982	1	0	0	1	0	0	0	1	2	0	0	0	0	0	0	0	0	0	0	0	10	5	0	0	0	0	0	0
input/resources/SearchParameter-us-quality-core-medicationdispense-patient.json	984	1	0	0	0	0	0	0	0	1	0	0	0	0	1	0	0	0	0	0	0	9	6	0	0	0	0	0	0
input/resources/SearchParameter-us-quality-core-medicationdispense-status.json	946	1	0	0	0	0	0	0	0	3	0	0	0	0	0	0	0	0	0	0	0	10	5	0	0	0	1	0	0
input/resources/SearchParameter-us-quality-core-medicationrequest-do-not-perform.json	984	2	0	0	0	0	0	0	0	3	0	0	0	0	0	0	0	0	0	0	0	9	6	0	0	0	0	0	0
input/resources/SearchParameter-us-quality-core-medicationrequest-intent.json	940	1	0	0	0	0	0	0	0	2	0	0	0	0	1	0	0	0	0	0	0	8	6	0	0	0	0	0	0
input/resources/SearchParameter-us-quality-core-medicationrequest-patient.json	978	1	0	0	1	0	0	0	0	2	0	0	0	0	0	0	0	0	0	0	0	9	5	0	0	0	0	0	0
input/resources/SearchParameter-us-quality-core-medicationstatement-code.json	966	31	0	0	0	0	0	0	0	2	0	0	0	0	1	0	0	0	0	0	0	9	6	0	0	0	1	0	0
input/resources/SearchParameter-us-quality-core-medicationstatement-patient.json	990	2	0	0	0	0	0	0	0	2	0	0	0	0	0	0	0	0	0	0	0	9	5	0	0	0	0	0	0
input/resources/SearchParameter-us-quality-core-observation-category.json	916	2	0	0	0	0	0	0	1	2	0	0	0	0	0	0	0	0	0	0	0	9	6	0	0	0	0	0	0
input/resources/SearchParameter-us-quality-core-observation-code.json	892	1	0	0	0	0	0	0	0	2	0	0	0	0	1	0	0	0	0	0	0	8	5	0	0	0	0	0	0
input/resources/SearchParameter-us-quality-core-observation-date.json	2686	2	0	0	1	0	0	0	0	3	0	0	0	0	0	0	0	0	0	0	0	11	7	0	0	0	0	0	0
input/resources/SearchParameter-us-quality-core-observation-patient.json	942	1	0	0	0	0	0	0	0	2	0	0	0	0	1	0	0	0	0	0	0	9	5	0	0	0	1	0	0
input/resources/SearchParameter-us-quality-core-observation-status.json	904	2	0	0	0	0	1	0	0	2	0	0	0	0	0	0	0	0	0	0	0	8	6	0	0	0	0	0	0
input/resources/SearchParameter-us-quality-core-patient-id.json	856	1	0	0	0	0	0	0	0	2	0	0	0	0	0	0	0	0	0	0	0	9	5	0	0	0	0	0	0
input/resources/SearchParameter-us-quality-core-practitioner-id.json	535	2	0	0	1	0	0	0	1	2	0	0	0	0	1	0	0	0	0	0	0	8	6	0	0	0	0	0	0
input/resources/SearchParameter-us-quality-core-practitionerrole-id.json	555	1	0	0	0	0	0	0	0	2	0	0	0	0	0	0	0	0	0	0	0	11	6	0	0	0	1	0	0
input/resources/SearchParameter-us-quality-core-procedure-date.json	2674	2	0	0	0	0	0	0	0	4	0	0	0	0	0	0	0	0	0	0	0	14	7	0	0	0	0	0	0
input/resources/SearchParameter-us-quality-core-procedure-patient.json	930	2	0	0	1	0	0	0	0	2	0	0	0	0	1	0	0	0	0	0	0	66	6	0	0	0	0	0	0
input/resources/SearchParameter-us-quality-core-procedure-status.json	892	2	0	0	0	0	0	0	0	2	0	0	0	0	0	0	0	0	0	0	0	15	7	0	0	0	0	0	0
input/resources/SearchParameter-us-quality-core-questionnaireresponse-id.json	926	2	0	0	0	0	0	0	0	1	0	0	0	0	1	0	0	0	0	0	0	14	7	0	0	0	0	0	0
input/resources/SearchParameter-us-quality-core-questionnaireresponse-patient.json	1002	1	0	0	0	0	0	0	0	2	0	0	0	0	0	0	0	0	0	0	0	14	6	0	0	0	1	0	0
input/resources/SearchParameter-us-quality-core-questionnaireresponse-questionnaire.json	1006	1	0	0	1	0	0	0	1	2	0	0	0	0	1	0	0	0	0	0	0	14	6	0	0	0	0	0	0
input/resources/SearchParameter-us-quality-core-relatedperson-id.json	886	2	0	0	0	0	0	0	0	2	0	0	0	0	0	0	0	0	0	0	0	14	6	0	0	0	0	0	0
input/resources/SearchParameter-us-quality-core-relatedperson-patient.json	926	1	0	0	0	0	0	0	0	2	0	0	0	0	0	0	0	0	0	0	0	14	6	0	0	0	0	0	0
input/resources/SearchParameter-us-quality-core-servicerequest-authored.json	2725	1	0	0	0	0	0	0	0	2	0	0	0	0	1	0	0	0	0	0	0	17	8	0	0	0	1	0	0
input/resources/SearchParameter-us-quality-core-servicerequest-category.json	934	2	0	0	0	0	0	0	0	2	0	0	0	0	0	0	0	0	0	0	0	14	5	0	0	0	0	0	0
input/resources/SearchParameter-us-quality-core-servicerequest-code.json	910	1	0	0	1	0	0	0	1	2	0	0	0	0	1	0	0	0	0	0	0	15	6	0	0	0	0	0	0
input/resources/SearchParameter-us-quality-core-servicerequest-do-not-perform.json	966	1	0	0	0	0	0	0	0	2	0	0	0	0	0	0	0	0	0	0	0	14	5	0	0	0	0	0	0
input/resources/SearchParameter-us-quality-core-servicerequest-id.json	891	1	0	0	0	0	0	0	0	1	0	0	0	0	0	0	0	0	0	0	0	15	6	0	0	0	0	0	0
input/resources/SearchParameter-us-quality-core-servicerequest-patient.json	960	1	0	0	0	0	0	0	0	2	0	0	0	0	1	0	0	0	0	0	0	14	5	0	0	0	1	0	0
input/resources/SearchParameter-us-quality-core-substance-code.json	880	2	0	0	0	0	0	0	0	2	0	0	0	0	0	0	0	0	0	0	0	15	6	0	0	0	0	0	0
input/resources/SearchParameter-us-quality-core-task-code.json	850	1	0	0	1	0	0	0	0	2	0	0	0	0	0	0	0	0	0	0	0	14	5	0	0	0	0	0	0
input/resources/SearchParameter-us-quality-core-task-patient.json	896	1	0	0	0	0	0	0	0	2	0	0	0	0	1	0	0	0	0	0	0	14	6	0	0	0	0	0	0
input/resources/SearchParameter-us-quality-core-task-status.json	862	1	0	0	0	0	0	0	1	2	0	0	0	0	0	0	0	0	0	0	0	14	5	0	0	0	0	0	0
input/resources/StructureDefinition-us-quality-core-doNotPerformReason.json	9409	3	0	4	0	0	0	0	0	5	0	0	0	0	1	0	0	0	0	0	0	39	168	0	0	0	1	0	0
input/resources/StructureDefinition-us-quality-core-encounter-diagnosisPresentOnAdmission.json	2543	2	0	3	0	0	0	0	0	5	0	0	1	0	0	0	0	1	0	0	0	39	175	0	0	0	2	0	1
input/resources/StructureDefinition-us-quality-core-isElective.json	2113	1	0	5	1	0	0	0	0	4	0	0	0	0	0	0	0	0	0	0	0	37	155	0	0	0	1	0	0
input/resources/StructureDefinition-us-quality-core-notDoneReason.json	2322	2	0	3	0	0	0	0	0	4	0	0	0	0	1	0	0	0	0	0	0	38	148	0	0	0	1	0	0
input/resources/StructureDefinition-us-quality-core-recorded.json	2036	1	0	3	0	0	0	0	0	3	0	0	0	0	0	0	0	0	0	0	0	37	135	0	0	0	0	0	0
input/resources/StructureDefinition-uscdiplusquality.json	9916	3	0	5	0	0	0	0	0	1	0	0	0	0	1	0	0	0	0	0	0	25	121	0	0	0	1	0	0
input/resources/adverseevent-example.xml	1616	19	0	0	0	0	0	0	0	857	0	0	0	0	0	0	0	0	0	0	0	25	36	0	0	0	0	0	0
input/resources/allergyintolerance-example-refuted.xml	1237	8	0	0	0	0	0	0	0	4	0	0	0	0	0	0	0	0	0	0	0	15	23	0	0	0	0	0	0
input/resources/allergyintolerance-example.xml	2760	14	0	0	0	0	0	0	0	7	0	0	0	0	0	0	0	0	0	0	0	19	24	0	0	0	0	0	0
input/resources/bodystructure-example.xml	1062	7	0	0	0	0	0	0	0	3397	0	0	0	0	0	0	0	0	0	0	0	15	11	0	0	0	0	0	0
input/resources/careplan-example.xml	7996	21	0	0	0	0	0	0	1	0	0	0	0	0	0	0	0	0	0	0	0	22	19	0	0	0	0	0	0
input/resources/careteam-example.xml	722	4	0	0	0	0	0	0	0	3	0	0	0	0	0	0	0	0	0	0	0	16	8	0	0	0	0	0	0
input/resources/claim-example.xml	2469	9	0	0	0	0	0	0	0	2177	0	0	0	0	0	0	0	0	0	0	0	21	45	0	0	0	0	0	0
input/resources/claimresponse-example.xml	1622	8	0	0	0	0	0	0	1	14	0	0	0	0	0	0	0	0	0	0	0	18	30	0	0	0	0	0	0
input/resources/communication-example.xml	1737	6	0	0	0	0	0	0	0	9	0	0	0	0	0	0	0	0	0	0	0	17	39	0	0	0	0	0	0
input/resources/communication-negation-example.xml	1612	6	0	0	0	0	0	0	0	9	0	0	0	0	0	0	1	0	0	0	0	17	22	0	0	0	0	0	0
input/resources/communicationrequest-example.xml	1693	6	0	0	0	0	0	0	0	11	0	0	0	0	0	0	0	0	0	0	0	17	35	0	0	0	0	0	0
input/resources/condition-appendicitis-example.xml	1664	5	0	0	1	0	0	0	0	7	0	0	0	0	0	0	0	0	0	0	0	18	17	0	0	0	0	0	0
input/resources/conditionencounterdiagnosis-example.xml	1975	6	0	0	0	0	0	0	1	7	0	0	0	0	0	0	0	0	0	0	0	16	15	0	0	0	0	0	0
input/resources/conditionproblemshealthconcerns-example.xml	2241	5	0	0	0	0	0	0	0	4	0	0	0	0	0	0	0	0	0	0	0	16	11	0	0	1	0	0	0
input/resources/coverage-example.xml	1862	5	0	0	0	0	0	0	0	7	0	0	0	0	0	0	0	0	0	0	0	15	26	0	0	0	0	0	0
input/resources/device-example.xml	1406	5	0	0	0	0	0	0	0	5	0	0	0	0	0	0	0	0	0	0	0	8	19	0	0	0	0	0	0
input/resources/devicerequest-example.xml	1072	5	0	0	0	0	0	0	0	34	0	0	0	0	0	0	0	0	0	0	0	9	22	0	0	0	0	0	0
input/resources/devicerequest-negation-example.xml	1374	4	0	0	0	0	0	0	0	3	0	0	0	0	0	0	0	0	0	0	0	8	9	0	0	0	0	0	0
input/resources/devicerequest-negation-with-code-example.xml	1375	5	0	0	0	0	0	0	0	2	0	0	0	0	0	0	0	0	0	0	0	8	9	0	0	0	0	0	0
input/resources/deviceusestatement-example.xml	666	3	0	0	0	0	0	0	1	2	0	0	0	0	0	0	0	0	0	0	0	7	16	0	0	0	0	0	0
input/resources/diagnosticreport-example.xml	1083	6	0	0	0	0	0	0	0	1046	0	0	0	0	0	0	0	0	0	0	0	9	21	0	0	0	0	0	1
input/resources/diagnosticreport-note-example.xml	2727	4	0	0	0	0	0	0	0	3	0	0	0	0	0	0	0	0	0	0	0	9	11	0	0	0	0	0	0
input/resources/encounter-ed-example.json	2234	2	0	0	0	0	0	0	0	12	0	0	0	0	0	0	0	0	0	0	0	11	38	0	0	0	0	0	0
input/resources/encounter-example.xml	2298	6	0	0	0	0	0	0	0	9	0	0	0	0	0	0	0	0	0	0	0	10	21	0	0	0	0	0	0
input/resources/familymemberhistory-example.xml	1843	6	0	0	0	0	0	0	0	850	0	0	0	0	0	0	0	0	0	0	0	9	15	0	0	0	0	0	0
input/resources/flag-example.xml	1022	4	0	0	0	0	0	0	0	3	0	0	0	0	0	0	0	0	0	0	0	7	17	0	0	0	0	0	0
input/resources/goal-example.xml	2135	7	0	0	0	0	0	0	1	6	0	0	0	0	0	0	0	0	0	0	0	10	26	0	0	0	0	0	0
input/resources/imagingstudy-example.xml	2928	8	0	0	0	0	0	0	0	0	0	0	0	0	0	0	0	0	0	0	0	8	20	0	0	0	0	0	0
input/resources/immunization-example.xml	2849	8	0	0	0	0	0	0	0	854	0	0	0	0	0	0	0	0	0	0	0	15	46	0	0	0	0	0	0
input/resources/immunization-negation-example-code.xml	1013	5	0	0	0	0	0	0	0	5	0	0	0	0	0	0	0	0	0	0	0	8	13	0	0	0	0	0	0
input/resources/immunization-negation-example.xml	1063	5	0	0	0	0	0	0	0	6	0	0	0	0	0	0	0	0	0	0	0	9	14	0	0	0	0	0	0
input/resources/immunization-statusreason-example.xml	954	5	0	0	0	0	0	0	0	6	0	0	0	0	0	0	0	0	0	0	0	8	14	0	0	0	0	0	0
input/resources/immunizationevaluation-example.xml	1177	4	0	0	0	0	0	0	1	6	0	0	0	0	0	0	0	0	0	0	0	10	23	0	0	0	0	0	0
input/resources/immunizationrecommendation-example.xml	2681	6	0	0	0	0	0	0	0	6	0	0	0	0	0	0	0	0	0	0	0	12	23	0	0	0	0	0	0
input/resources/library-USQualityCore-ModelInfo.json	754	2	0	0	1	0	0	0	0	44	0	0	0	0	0	0	0	1	0	0	0	348	64	0	0	0	14	0	0
input/resources/library-USQualityCoreCommon.json	1227	1	0	0	0	0	0	0	0	4235	0	0	0	0	0	0	0	0	0	0	0	420	80	0	0	0	24	0	0
input/resources/library-USQualityCoreCommonTests.json	1217	1	0	0	0	0	0	0	1	6341	0	0	0	0	1	0	0	0	0	0	0	976	176	0	0	0	60	0	0
input/resources/location-example.xml	2103	6	0	0	0	0	0	0	1	7	0	0	0	0	0	0	0	0	0	0	0	14	20	0	0	0	0	0	0
input/resources/medication-example.xml	2151	6	0	0	0	0	0	0	0	853	0	0	0	0	0	0	0	0	0	0	0	17	14	0	0	0	0	0	0
input/resources/medicationadministration-cmd-example.xml	1366	7	0	0	0	0	0	0	0	9	0	0	0	0	0	0	0	0	0	0	0	11	33	0	0	0	0	0	0
input/resources/medicationadministration-example.xml	1401	5	0	0	0	0	0	1	0	5	0	0	0	0	0	0	0	0	0	0	0	10	27	0	0	0	0	0	0
input/resources/medicationadministration-negation-example.xml	2205	4	0	0	0	0	0	0	0	232	0	0	0	0	0	0	0	0	0	0	0	12	24	0	0	0	0	0	0
input/resources/medicationadministration-negation-with-code-example.xml	2072	4	0	0	0	0	0	0	1	4	0	0	0	0	0	0	0	0	0	0	0	11	25	0	0	0	0	0	0
input/resources/medicationdispense-cmd-example.xml	2266	5	0	0	0	0	0	0	0	847	0	0	0	0	0	0	0	0	0	0	0	11	43	0	0	0	0	0	0
input/resources/medicationdispense-example.xml	2603	5	0	0	0	0	0	0	0	9	0	0	0	0	0	0	0	0	0	0	0	11	32	0	0	0	0	0	0
input/resources/medicationdispense-negation-example.xml	2101	4	0	0	0	0	0	0	0	848	0	0	0	0	0	0	0	0	0	0	0	9	15	0	0	0	0	0	0
input/resources/medicationdispense-negation-with-code-example.xml	1969	5	0	0	0	0	0	0	1	6	0	0	0	0	0	0	0	0	0	0	0	10	16	0	0	0	0	0	0
input/resources/medicationrequest-cmd-example.xml	1810	4	0	0	1	0	0	0	0	1042	0	0	0	0	0	0	0	0	0	0	0	9	25	0	0	0	0	0	0
input/resources/medicationrequest-example.xml	2674	5	0	0	0	0	0	0	0	10	0	0	0	0	0	0	0	0	0	0	0	11	21	0	0	0	0	0	0
input/resources/medicationrequest-negation-example-code.xml	1149	4	0	0	0	0	0	0	0	6	0	0	0	0	0	0	0	0	0	0	0	7	14	0	0	0	0	0	0
input/resources/medicationrequest-negation-example.xml	1327	4	0	0	0	0	0	0	0	6	0	0	0	0	0	0	0	0	0	0	0	8	14	0	0	0	0	0	0
input/resources/medicationrequest-patient-reported-example.xml	1871	5	0	0	0	0	0	0	0	6	0	0	0	0	0	0	0	0	0	0	0	10	24	0	0	0	0	0	0
input/resources/medicationrequest-patient-requester-example.xml	1779	4	0	0	0	0	0	0	1	7	0	0	0	0	0	0	0	0	0	0	0	10	20	0	0	0	0	0	0
input/resources/medicationrequest-practitioner-ordered-example.xml	1789	6	0	0	0	0	0	0	0	6	0	0	0	0	0	0	0	0	0	0	0	9	19	0	0	0	0	0	0
input/resources/medicationstatement-example.xml	1579	4	0	0	0	0	0	0	0	6	0	0	0	0	0	0	0	0	0	0	0	9	25	0	0	0	0	0	0
input/resources/nutritionorder-example.xml	1768	4	0	0	0	0	0	0	0	845	0	0	0	0	0	0	0	0	0	0	0	9	25	0	0	0	0	0	0
input/resources/observation-clinical-result-example.xml	1473	3	0	0	0	0	0	0	0	4	0	0	0	0	0	0	0	0	0	0	0	8	17	0	0	0	0	0	0
input/resources/observation-example-births.xml	1117	3	0	0	0	0	0	0	0	5	0	0	0	0	0	0	0	0	0	0	0	9	16	0	0	0	0	0	0
input/resources/observation-example-delivery-date-estimate.xml	1140	5	0	0	0	0	0	0	0	4	0	0	0	0	0	0	0	0	0	0	0	8	17	0	0	0	0	0	0
input/resources/observation-example-frailty.xml	1319	4	0	0	0	0	0	0	1	5	0	0	0	0	0	0	0	0	0	0	0	8	17	0	0	0	0	0	0
input/resources/observation-example-gestation.xml	1123	4	0	0	0	0	0	0	0	845	0	0	0	0	0	0	0	0	0	0	0	9	16	0	0	0	0	0	0
input/resources/observation-example-obstetric-delivery.xml	1178	3	0	0	0	0	0	0	0	4	0	0	0	0	0	0	0	0	0	0	0	8	17	0	0	0	0	0	0
input/resources/observation-example-odh.xml	1193	3	0	0	0	0	0	0	0	4	0	0	0	0	0	0	0	0	0	0	0	8	16	0	0	0	0	0	0
input/resources/observation-example-parity.xml	1112	4	0	0	0	0	0	0	0	4	0	0	0	0	0	0	0	0	0	0	0	9	17	0	0	0	0	0	0
input/resources/observation-example-pregnancies.xml	1122	3	0	0	0	0	0	0	0	5	0	0	0	0	0	0	0	0	0	0	0	8	16	0	0	0	0	0	0
input/resources/observation-example-preterm-births.xml	1113	4	0	0	0	0	0	0	0	5	0	0	0	0	0	0	0	0	0	0	0	8	17	0	0	0	0	0	0
input/resources/observation-example.xml	3718	4	0	0	0	0	0	0	1	855	0	0	0	0	0	0	0	0	0	0	0	13	25	0	0	0	0	0	0
input/resources/observation-lab-example.xml	2519	5	0	0	0	0	0	0	0	848	0	0	0	0	0	0	0	0	0	0	0	10	15	0	0	0	0	0	0
input/resources/observation-negation-example.xml	1818	3	0	0	0	0	0	0	0	5	0	0	0	0	0	0	0	0	0	0	0	9	17	0	0	0	0	0	0
input/resources/observation-negation-with-code-example.xml	1504	3	0	0	1	0	0	0	0	5	0	0	0	0	0	0	0	0	0	0	0	10	17	0	0	0	0	0	0
input/resources/observation-nonpatient-hemodialysis-machine.xml	1307	5	0	0	0	0	0	0	0	1	0	0	0	0	0	0	0	0	0	0	0	7	9	0	0	0	0	0	0
input/resources/observation-nonpatient-hospital-bed.xml	1283	4	0	0	0	0	0	0	0	2	0	0	0	0	0	0	0	0	0	0	0	8	9	0	0	0	0	0	0
input/resources/observation-nonpatient-ventilator-example.xml	1154	4	0	0	0	0	0	0	1	2	0	0	0	0	0	0	0	0	0	0	0	7	8	0	0	0	0	0	0
input/resources/observation-survey-example.xml	1969	3	0	0	0	0	0	0	0	3	0	0	0	0	0	0	0	0	0	0	0	9	15	0	0	0	0	0	1
input/resources/organization-example.xml	1128	3	0	0	0	0	0	0	0	1	0	0	0	0	0	0	0	0	0	0	0	8	6	0	0	0	0	0	0
input/resources/organization-hospital-example.xml	1130	4	0	0	0	0	0	0	0	1	0	0	0	0	0	0	0	0	0	0	0	8	6	0	0	0	0	0	0
input/resources/parameters-manifest.json	444	1	0	0	0	0	0	0	0	0	0	0	0	0	0	0	0	0	0	0	0	7	1661	0	0	0	0	0	0
input/resources/patient-example-2.xml	2550	4	0	0	0	0	0	0	0	6	0	0	0	0	0	0	0	0	0	0	0	10	43	0	0	0	0	0	0
input/resources/patient-example.xml	4855	4	0	0	0	0	0	0	1	94	0	0	0	0	0	0	0	0	0	0	0	15	24	0	0	0	0	0	0
input/resources/patient-infant-example.xml	1075	3	0	0	0	0	0	0	0	1	0	0	0	0	0	0	0	0	0	0	0	8	8	0	0	0	0	0	0
input/resources/practitioner-example.xml	1544	5	0	0	0	0	0	0	0	2	0	0	0	0	0	0	0	0	0	0	0	9	12	0	0	0	0	0	0
input/resources/practitionerrole-example.xml	1188	3	0	0	0	0	0	0	0	1	0	0	0	0	0	0	0	0	0	0	0	8	27	0	0	0	0	0	0
input/resources/procedure-example.xml	1858	4	0	0	0	0	0	0	1	4	0	0	0	0	0	0	0	0	0	0	0	10	36	0	0	0	0	0	0
input/resources/procedure-negation-example.xml	1864	3	0	0	0	0	0	0	0	4	0	0	0	0	0	0	0	0	0	0	0	11	29	0	0	0	0	0	0
input/resources/procedure-negation-with-code-example.xml	1790	4	0	0	0	0	0	0	0	2	0	0	0	0	0	0	0	0	0	0	0	11	26	0	0	0	0	0	0
input/resources/questionnaireresponse-example.xml	4557	4	0	0	0	0	0	0	0	17	0	0	0	0	0	0	0	0	0	0	0	37	25	0	0	0	0	0	0
input/resources/relatedperson-example.xml	1115	3	0	0	0	0	0	0	0	2	0	0	0	0	0	0	0	0	0	0	0	12	11	0	0	0	0	0	0
input/resources/servicerequest-appropriateness-example.xml	1075	4	0	0	1	0	0	0	0	2	0	0	0	0	0	0	0	0	0	0	0	9	14	0	0	0	0	0	0
input/resources/servicerequest-elective-example.xml	970	3	0	0	0	0	0	0	1	2	0	0	0	0	0	0	0	0	0	0	0	8	12	0	0	0	0	0	0
input/resources/servicerequest-example.xml	1541	3	0	0	0	0	0	0	0	3	0	0	0	0	0	0	0	0	0	0	0	10	17	0	0	0	0	0	0
input/resources/servicerequest-myringotomy-example.xml	1561	4	0	0	0	0	0	0	0	2	0	0	0	0	0	0	0	0	0	0	0	10	14	0	0	0	0	0	0
input/resources/servicerequest-negation-example-code.xml	1606	3	0	0	0	0	0	0	0	2	0	0	0	0	0	0	0	1	0	0	0	10	17	0	0	0	0	0	0
input/resources/servicerequest-negation-example.xml	1926	4	0	0	0	0	0	0	0	3	0	0	0	0	0	0	0	0	0	0	0	11	18	0	0	0	0	0	0
input/resources/structuredefinition-us-quality-core-notDoneValueSet.xml	2889	4	0	3	0	0	0	0	0	7	0	0	0	0	0	0	0	0	0	0	0	31	138	0	1	0	1	0	0
input/resources/structuredefinition-us-quality-core-servicerequest-appropriatenessscore.xml	5979	7	0	5	0	0	0	0	0	8	0	0	0	0	1	0	0	0	0	0	0	41	148	0	0	0	2	0	0
input/resources/substance-example.xml	658	3	0	0	0	0	0	0	0	1	0	0	0	0	0	0	0	0	0	0	0	10	8	0	0	0	0	0	0
input/resources/task-example.xml	1059	3	0	0	0	0	0	0	0	3	0	0	0	0	0	0	0	0	0	0	0	10	22	0	0	0	0	0	0
input/resources/task-negation-example.xml	1436	3	0	0	1	0	0	0	1	5	0	0	0	0	0	0	0	0	0	0	0	9	14	0	0	0	0	0	0
input/resources/task-negation-with-code-example.xml	1288	3	0	0	0	0	0	0	0	2	0	0	0	0	0	0	0	0	0	0	0	9	14	0	0	0	0	0	0
input/resources/valueset-us-quality-core-medication-dose-type.xml	1650	3	0	0	0	0	0	0	0	997	0	0	0	0	0	0	0	0	0	0	0	9	1143	0	0	0	1	0	0
input/resources/valueset-us-quality-core-negation-reason.xml	2014	3	0	0	0	0	0	0	0	6	0	0	0	0	0	0	0	0	0	0	0	10	2616	0	0	0	1	0	0
input/resources/valueset-us-quality-core-non-negative-event-status.json	2085	1	0	0	0	0	0	0	0	7	0	0	0	0	1	0	0	0	0	0	0	13	102	0	0	0	1	0	0
input/resources/valueset-us-quality-core-non-negative-immunization-status.json	1721	2	0	0	0	0	0	0	0	5	0	0	0	0	0	0	0	0	0	0	0	11	76	0	0	0	0	0	0
input/resources/valueset-us-quality-core-non-negative-medication-admin-status.json	2146	1	0	0	0	0	0	0	1	5	0	0	0	0	1	0	0	0	0	0	0	13	77	0	0	0	1	0	0
input/resources/valueset-us-quality-core-non-negative-medicationdispense-status.json	2320	1	0	0	1	0	0	0	0	6	0	0	0	0	0	0	0	0	0	0	0	14	77	0	0	0	0	0	0
input/resources/valueset-us-quality-core-non-negative-observation-status.json	2129	2	0	0	0	0	0	0	0	6	0	0	0	0	0	0	0	0	0	0	0	16	79	0	0	0	1	0	0
input/resources/valueset-us-quality-core-non-negative-task-status.json	2427	2	0	0	0	0	0	0	0	7	0	0	0	0	1	0	0	0	0	0	0	14	78	0	0	0	0	0	0
input/resources/valueset-us-quality-core-observation-body-position.json	2572	3	0	0	0	0	0	0	0	0	0	0	0	0	0	0	0	0	0	0	0	11	2063	0	0	0	0	0	0
input/resources/valueset-us-quality-core-present-on-admission.xml	1796	5	0	0	0	0	0	0	1	5	0	0	0	0	0	0	0	0	0	0	0	12	60	0	0	0	1	0	0
/input/includes/disclaimer.md	631	-	-	-	0	0	0	0	0	0	0	0	0	0	0	0	0	0	0	0	0	0	1	0	0	0	0	0	0
/input/includes/img-portrait.html	369	-	-	-	0	0	0	0	0	0	0	0	0	0	0	0	0	0	0	0	0	0	1	0	0	0	0	0	0
/input/includes/cql-informational-notice.md	406	-	-	-	0	0	0	0	0	0	0	0	0	0	0	0	0	0	0	0	0	0	0	0	0	0	0	0	0
/input/includes/fragment-header.html	700	-	-	-	0	0	0	0	0	0	0	0	0	0	0	0	0	0	0	0	0	0	0	0	0	0	0	0	0
/input/includes/uscdi-only-vs-uscore61-diff.json	66265	-	-	-	0	0	0	0	0	0	0	0	0	0	0	0	0	0	0	0	0	0	0	0	0	0	0	0	0
/input/includes/fragment-css.html	357	-	-	-	0	0	0	0	0	0	0	0	0	0	0	0	0	0	0	0	0	0	1	0	0	0	0	0	0
/input/includes/img-landscape.html	474	-	-	-	0	0	0	0	0	0	0	0	0	0	0	0	0	0	0	0	0	0	0	0	0	0	0	0	0
/input/includes/menu.xml	2205	-	-	-	0	0	0	0	0	0	0	0	0	0	0	0	0	0	0	0	0	0	0	0	0	0	0	0	0
/input/includes/mapping-table.md	99935	-	-	-	0	0	0	0	0	0	0	0	0	0	0	0	0	0	0	0	0	0	10	0	0	0	0	0	0
/input/data/new_items.yml	426	-	-	-	0	0	0	0	0	0	0	0	0	0	0	0	0	0	0	0	0	0	0	0	0	0	0	0	0
/input/intro-notes/StructureDefinition-us-quality-core-observation-clinical-result-intro.md	1669	-	-	-	0	0	0	0	0	0	0	0	0	0	0	0	0	0	0	0	0	0	0	0	0	0	0	0	0
/input/intro-notes/StructureDefinition-us-quality-core-claimresponse-intro.md	732	-	-	-	0	0	0	0	0	0	0	0	0	0	0	0	0	0	0	0	0	0	0	0	0	0	0	0	0
/input/intro-notes/StructureDefinition-us-quality-core-medicationdispense-notes.md	679	-	-	-	0	0	0	0	0	0	0	0	0	0	0	0	0	0	0	0	0	0	1	0	0	0	0	0	0
/input/intro-notes/StructureDefinition-us-quality-core-immunizationrecommendation-intro.md	732	-	-	-	0	0	0	0	0	0	0	0	0	0	0	0	0	0	0	0	0	0	0	0	0	0	0	0	0
/input/intro-notes/StructureDefinition-us-quality-core-procedurenotdone-intro.md	2232	-	-	-	0	0	0	0	0	0	0	0	0	0	0	0	0	0	0	0	0	0	0	0	0	0	0	0	0
/input/intro-notes/StructureDefinition-us-quality-core-communicationnotdone-notes.md	1060	-	-	-	0	0	0	0	0	0	0	0	0	0	0	0	0	0	0	0	0	0	1	0	0	0	0	0	0
/input/intro-notes/StructureDefinition-us-quality-core-encounter-procedure-intro.md	732	-	-	-	0	0	0	0	0	0	0	0	0	0	0	0	0	0	0	0	0	0	0	0	0	0	0	0	0
/input/intro-notes/StructureDefinition-us-quality-core-practitioner-intro.md	2699	-	-	-	0	0	0	0	0	0	0	0	0	0	0	0	0	0	0	0	0	0	0	0	0	0	0	0	0
/input/intro-notes/StructureDefinition-us-quality-core-observation-lab-intro.md	1855	-	-	-	0	0	0	0	0	0	0	0	0	0	0	0	0	0	0	0	0	0	0	0	0	0	0	0	0
/input/intro-notes/StructureDefinition-us-quality-core-condition-problems-health-concerns-notes.md	235	-	-	-	0	0	0	0	0	0	0	0	0	0	0	0	0	0	0	0	0	0	1	0	0	0	0	0	0
/input/intro-notes/StructureDefinition-us-quality-core-allergyintolerance-notes.md	434	-	-	-	0	0	0	0	0	0	0	0	0	0	0	0	0	0	0	0	0	0	0	0	0	0	0	0	0
/input/intro-notes/StructureDefinition-us-quality-core-taskrejected-intro.md	1596	-	-	-	0	0	0	0	0	0	0	0	0	0	0	0	0	0	0	0	0	0	0	0	0	0	0	0	0
/input/intro-notes/StructureDefinition-us-quality-core-immunization-notes.md	337	-	-	-	0	0	0	0	0	0	0	0	0	0	0	0	0	0	0	0	0	0	0	0	0	0	0	0	0
/input/intro-notes/StructureDefinition-us-quality-core-encounter-relatedCondition-intro.md	732	-	-	-	0	0	0	0	0	0	0	0	0	0	0	0	0	0	0	0	0	0	0	0	0	0	0	0	0
/input/intro-notes/StructureDefinition-us-quality-core-servicenotrequested-intro.md	2014	-	-	-	0	0	0	0	0	0	0	0	0	0	0	0	0	0	0	0	0	0	1	0	0	0	0	0	0
/input/intro-notes/StructureDefinition-us-quality-core-bodystructure-intro.md	732	-	-	-	0	0	0	0	0	0	0	0	0	0	0	0	0	0	0	0	0	0	0	0	0	0	0	0	0
/input/intro-notes/StructureDefinition-us-quality-core-notDoneReason-intro.md	548	-	-	-	0	0	0	0	0	0	0	0	0	0	0	0	0	0	0	0	0	0	0	0	0	0	0	0	0
/input/intro-notes/StructureDefinition-us-quality-core-condition-encounter-diagnosis-notes.md	214	-	-	-	0	0	0	0	0	0	0	0	0	0	0	0	0	0	0	0	0	0	0	0	0	0	0	0	0
/input/intro-notes/StructureDefinition-us-quality-core-medicationadministrationnotdone-intro.md	1625	-	-	-	0	0	0	0	0	0	0	0	0	0	0	0	0	0	0	0	0	0	0	0	0	0	0	0	0
/input/intro-notes/StructureDefinition-us-quality-core-flag-intro.md	732	-	-	-	0	0	0	0	0	0	0	0	0	0	0	0	0	0	0	0	0	0	0	0	0	0	0	0	0
/input/intro-notes/StructureDefinition-us-quality-core-observationpulseoximetry-intro.md	732	-	-	-	0	0	0	0	0	0	0	0	0	0	0	0	0	0	0	0	0	0	1	0	0	0	0	0	0
/input/intro-notes/StructureDefinition-us-quality-core-medicationadministrationnotdone-notes.md	749	-	-	-	0	0	0	0	0	0	0	0	0	0	0	0	0	0	0	0	0	0	0	0	0	0	0	0	0
/input/intro-notes/StructureDefinition-us-quality-core-encounter-intro.md	2438	-	-	-	0	0	0	0	0	0	0	0	0	0	0	0	0	0	0	0	0	0	0	0	0	0	0	0	0
/input/intro-notes/StructureDefinition-us-quality-core-medicationadministration-notes.md	730	-	-	-	0	0	0	0	0	0	0	0	0	0	0	0	0	0	0	0	0	0	0	0	0	0	0	0	0
/input/intro-notes/StructureDefinition-us-quality-core-devicenotrequested-notes.md	804	-	-	-	0	0	0	0	0	0	0	0	0	0	0	0	0	0	0	0	0	0	0	0	0	0	0	0	0
/input/intro-notes/StructureDefinition-us-quality-core-isElective-intro.md	673	-	-	-	0	0	0	0	0	0	0	0	0	0	0	0	0	0	0	0	0	0	0	0	0	0	0	0	0
/input/intro-notes/StructureDefinition-us-quality-core-servicerequest-appropriatenessScore-intro.md	548	-	-	-	0	0	0	0	0	0	0	0	0	0	0	0	0	0	0	0	0	0	1	0	0	0	0	0	0
/input/intro-notes/StructureDefinition-us-quality-core-familymemberhistory-intro.md	919	-	-	-	0	0	0	0	0	0	0	0	0	0	0	0	0	0	0	0	0	0	0	0	0	0	0	0	0
/input/intro-notes/StructureDefinition-us-quality-core-careplan-intro.md	1102	-	-	-	0	0	0	0	0	0	0	0	0	0	0	0	0	0	0	0	0	0	0	0	0	0	0	0	0
/input/intro-notes/StructureDefinition-us-quality-core-simple-observation-notes.md	1020	-	-	-	0	0	0	0	0	0	0	0	0	0	0	0	0	0	0	0	0	0	0	0	0	0	0	0	0
/input/intro-notes/StructureDefinition-us-quality-core-medicationnotrequested-notes.md	1067	-	-	-	0	0	0	0	0	0	0	0	0	0	0	0	0	0	0	0	0	0	0	0	0	0	0	0	0
/input/intro-notes/StructureDefinition-us-quality-core-servicerequest-intro.md	2115	-	-	-	0	0	0	0	0	0	0	0	0	0	0	0	0	0	0	0	0	0	1	0	0	0	0	0	0
/input/intro-notes/StructureDefinition-us-quality-core-immunizationnotdone-notes.md	819	-	-	-	0	0	0	0	0	0	0	0	0	0	0	0	0	0	0	0	0	0	0	0	0	0	0	0	0
/input/intro-notes/StructureDefinition-us-quality-core-medication-intro.md	1339	-	-	-	0	0	0	0	0	0	0	0	0	0	0	0	0	0	0	0	0	0	0	0	0	0	0	0	1
/input/intro-notes/StructureDefinition-us-quality-core-medicationrequest-intro.md	4069	-	-	-	0	0	0	0	0	0	0	0	0	0	0	0	0	0	0	0	0	0	0	0	0	0	0	0	0
/input/intro-notes/StructureDefinition-us-quality-core-encounter-notes.md	369	-	-	-	0	0	0	0	0	0	0	0	0	0	0	0	0	0	0	0	0	0	0	0	0	0	0	0	0
/input/intro-notes/StructureDefinition-us-quality-core-relatedperson-intro.md	1339	-	-	-	0	0	0	0	0	0	0	0	0	0	0	0	0	0	0	0	0	0	0	0	0	0	0	0	0
/input/intro-notes/StructureDefinition-us-quality-core-medicationdispensedeclined-notes.md	691	-	-	-	0	0	0	0	0	0	0	0	0	0	0	0	0	0	0	0	0	0	1	0	0	0	0	0	0
/input/intro-notes/StructureDefinition-us-quality-core-location-notes.md	578	-	-	-	0	0	0	0	0	0	0	0	0	0	0	0	0	0	0	0	0	0	0	0	0	0	0	0	0
/input/intro-notes/StructureDefinition-us-quality-core-servicerequest-notes.md	711	-	-	-	0	0	0	0	0	0	0	0	0	0	0	0	0	0	0	0	0	0	0	0	0	0	0	0	0
/input/intro-notes/StructureDefinition-us-quality-core-communicationnotdone-intro.md	1283	-	-	-	0	0	0	0	0	0	0	0	0	0	0	0	0	0	0	0	0	0	0	0	0	0	0	0	0
/input/intro-notes/StructureDefinition-us-quality-core-communication-intro.md	1238	-	-	-	0	0	0	0	0	0	0	0	0	0	0	0	0	0	0	0	0	0	0	0	0	0	0	0	0
/input/intro-notes/StructureDefinition-us-quality-core-dosage-intro.md	732	-	-	-	0	0	0	0	0	0	0	0	0	0	0	0	0	0	0	0	0	0	1	0	0	0	0	0	0
/input/intro-notes/StructureDefinition-us-quality-core-procedure-notes.md	671	-	-	-	0	0	0	0	0	0	0	0	0	0	0	0	0	0	0	0	0	0	0	0	0	0	0	0	0
/input/intro-notes/StructureDefinition-us-quality-core-devicenotrequested-intro.md	1448	-	-	-	0	0	0	0	0	0	0	0	0	0	0	0	0	0	0	0	0	0	0	0	0	0	0	0	0
/input/intro-notes/StructureDefinition-us-quality-core-medicationdispense-intro.md	2523	-	-	-	0	0	0	0	0	0	0	0	0	0	0	0	0	0	0	0	0	0	0	0	0	0	0	0	0
/input/intro-notes/StructureDefinition-us-quality-core-medicationdispensedeclined-intro.md	1789	-	-	-	0	0	0	0	0	0	0	0	0	0	0	0	0	0	0	0	0	0	0	0	0	0	0	0	0
/input/intro-notes/StructureDefinition-us-quality-core-procedure-approachBodySite-intro.md	548	-	-	-	0	0	0	0	0	0	0	0	0	0	0	0	0	0	0	0	0	0	1	0	0	0	0	0	0
/input/intro-notes/StructureDefinition-us-quality-core-devicerequest-intro.md	1399	-	-	-	0	0	0	0	0	0	0	0	0	0	0	0	0	0	0	0	0	0	0	0	0	0	0	0	0
/input/intro-notes/StructureDefinition-us-quality-core-notDone-intro.md	548	-	-	-	0	0	0	0	0	0	0	0	0	0	0	0	0	0	0	0	0	0	0	0	0	0	0	0	0
/input/intro-notes/StructureDefinition-us-quality-core-patient-intro.md	3467	-	-	-	0	0	0	0	0	0	0	0	0	0	0	0	0	0	0	0	0	0	0	0	0	0	0	0	0
/input/intro-notes/StructureDefinition-us-quality-core-diagnosticreport-note-intro.md	1401	-	-	-	0	0	0	0	0	0	0	0	0	0	0	0	0	0	0	0	0	0	0	0	0	0	0	0	0
/input/intro-notes/StructureDefinition-us-quality-core-medicationnotrequested-intro.md	1761	-	-	-	0	0	0	0	0	0	0	0	0	0	0	0	0	0	0	0	0	0	1	0	0	0	0	0	0
/input/intro-notes/StructureDefinition-us-quality-core-procedure-intro.md	2190	-	-	-	0	0	0	0	0	0	0	0	0	0	0	0	0	0	0	0	0	0	0	0	0	0	0	0	0
/input/intro-notes/StructureDefinition-us-quality-core-observationcancelled-intro.md	1822	-	-	-	0	0	0	0	0	0	0	0	0	0	0	0	0	0	0	0	0	0	0	0	0	0	0	0	0
/input/intro-notes/StructureDefinition-us-quality-core-coverage-notes.md	238	-	-	-	0	0	0	0	0	0	0	0	0	0	0	0	0	0	0	0	0	0	0	0	0	0	0	0	0
/input/intro-notes/StructureDefinition-us-quality-core-imagingstudy-intro.md	732	-	-	-	0	0	0	0	0	0	0	0	0	0	0	0	0	0	0	0	0	0	0	0	0	0	0	0	0
/input/intro-notes/StructureDefinition-us-quality-core-doNotPerformReason-intro.md	791	-	-	-	0	0	0	0	0	0	0	0	0	0	0	0	0	0	0	0	0	0	1	0	0	0	0	0	0
/input/intro-notes/StructureDefinition-us-quality-core-coverage-intro.md	2513	-	-	-	0	0	0	0	0	0	0	0	0	0	0	0	0	0	0	0	0	0	0	0	0	0	0	0	0
/input/intro-notes/StructureDefinition-us-quality-core-procedurenotdone-notes.md	838	-	-	-	0	0	0	0	0	0	0	0	0	0	0	0	0	0	0	0	0	0	0	0	0	0	0	0	0
/input/intro-notes/StructureDefinition-us-quality-core-claim-intro.md	732	-	-	-	0	0	0	0	0	0	0	0	0	0	0	0	0	0	0	0	0	0	0	0	0	0	0	0	0
/input/intro-notes/StructureDefinition-us-quality-core-allergyintolerance-intro.md	1720	-	-	-	0	0	0	0	0	0	0	0	0	0	0	0	0	0	0	0	0	0	0	0	0	0	0	0	0
/input/intro-notes/StructureDefinition-us-quality-core-servicenotrequested-notes.md	948	-	-	-	0	0	0	0	0	0	0	0	0	0	0	0	0	0	0	0	0	0	0	0	0	0	0	0	0
/input/intro-notes/StructureDefinition-us-quality-core-adverseevent-intro.md	1542	-	-	-	0	0	0	0	0	0	0	0	0	0	0	0	0	0	0	0	0	0	1	0	0	0	0	0	0
/input/intro-notes/StructureDefinition-us-quality-core-immunizationevaluation-intro.md	732	-	-	-	0	0	0	0	0	0	0	0	0	0	0	0	0	0	0	0	0	0	0	0	0	0	0	0	0
/input/intro-notes/StructureDefinition-us-quality-core-device-intro.md	732	-	-	-	0	0	0	0	0	0	0	0	0	0	0	0	0	0	0	0	0	0	0	0	0	0	0	0	0
/input/intro-notes/StructureDefinition-us-quality-core-immunizationnotdone-intro.md	1714	-	-	-	0	0	0	0	0	0	0	0	0	0	0	0	0	0	0	0	0	0	0	0	0	0	0	0	0
/input/intro-notes/StructureDefinition-us-quality-core-observation-screening-assessment-intro.md	1754	-	-	-	0	0	0	0	0	0	0	0	0	0	0	0	0	0	0	0	0	0	0	0	0	0	0	0	0
/input/intro-notes/StructureDefinition-us-quality-core-careteam-intro.md	1216	-	-	-	0	0	0	0	0	0	0	0	0	0	0	0	0	0	0	0	0	0	1	0	0	0	0	0	0
/input/intro-notes/StructureDefinition-us-quality-core-servicerequest-approachBodySite-intro.md	548	-	-	-	0	0	0	0	0	0	0	0	0	0	0	0	0	0	0	0	0	0	0	0	0	0	0	0	0
/input/intro-notes/StructureDefinition-us-quality-core-communicationrequest-intro.md	732	-	-	-	0	0	0	0	0	0	0	0	0	0	0	0	0	0	0	0	0	0	0	0	0	0	0	0	0
/input/intro-notes/StructureDefinition-doNotPerformTiming-intro.md	434	-	-	-	0	0	0	0	0	0	0	0	0	0	0	0	0	0	0	0	0	0	0	0	0	0	0	0	0
/input/intro-notes/StructureDefinition-us-quality-core-simple-observation-intro.md	2044	-	-	-	0	0	0	0	0	0	0	0	0	0	0	0	0	0	0	0	0	0	0	0	0	0	0	0	0
/input/intro-notes/StructureDefinition-us-quality-core-medicationrequest-notes.md	790	-	-	-	0	0	0	0	0	0	0	0	0	0	0	0	0	0	0	0	0	0	0	0	0	0	0	0	0
/input/intro-notes/StructureDefinition-us-quality-core-encounter-diagnosisPresentOnAdmission-intro.md	905	-	-	-	0	0	0	0	0	0	0	0	0	0	0	0	0	0	0	0	0	0	1	0	0	0	0	0	0
/input/intro-notes/StructureDefinition-us-quality-core-goal-intro.md	1153	-	-	-	0	0	0	0	0	0	0	0	0	0	0	0	0	0	0	0	0	0	0	0	0	0	0	0	0
/input/intro-notes/StructureDefinition-us-quality-core-observationcancelled-notes.md	939	-	-	-	0	0	0	0	0	0	0	0	0	0	0	0	0	0	0	0	0	0	0	0	0	0	0	0	0
/input/intro-notes/StructureDefinition-us-quality-core-condition-encounter-diagnosis-intro.md	1598	-	-	-	0	0	0	0	0	0	0	0	0	0	0	0	0	0	0	0	0	0	0	0	0	0	0	0	0
/input/intro-notes/StructureDefinition-us-quality-core-recorded-intro.md	548	-	-	-	0	0	0	0	0	0	0	0	0	0	0	0	0	0	0	0	0	0	0	0	0	0	0	0	0
/input/intro-notes/StructureDefinition-us-quality-core-medicationstatement-intro.md	732	-	-	-	0	0	0	0	0	0	0	0	0	0	0	0	0	0	0	0	0	0	1	0	0	0	0	0	0
/input/intro-notes/StructureDefinition-us-quality-core-practitionerrole-intro.md	1880	-	-	-	0	0	0	0	0	0	0	0	0	0	0	0	0	0	0	0	0	0	0	0	0	0	0	0	0
/input/intro-notes/StructureDefinition-us-quality-core-immunization-intro.md	1815	-	-	-	0	0	0	0	0	0	0	0	0	0	0	0	0	0	0	0	0	0	0	0	0	0	0	0	0
/input/intro-notes/StructureDefinition-us-quality-core-medicationadministration-intro.md	1798	-	-	-	0	0	0	0	0	0	0	0	0	0	1	0	0	0	0	0	0	0	0	0	0	0	0	0	0
/input/intro-notes/StructureDefinition-us-quality-core-devicerequest-notes.md	1245	-	-	-	0	0	0	0	0	0	0	0	0	0	0	0	0	0	0	0	0	0	0	0	0	0	0	0	0
/input/intro-notes/StructureDefinition-us-quality-core-organization-intro.md	1098	-	-	-	0	0	0	0	0	0	0	0	0	0	0	0	0	0	0	0	0	0	0	0	0	0	0	0	0
/input/intro-notes/StructureDefinition-us-quality-core-substance-intro.md	732	-	-	-	0	0	0	0	0	0	0	0	0	0	0	0	0	0	0	0	0	0	1	0	0	0	0	0	0
/input/intro-notes/StructureDefinition-us-quality-core-questionnaireresponse-intro.md	893	-	-	-	0	0	0	0	0	0	0	0	0	0	0	0	0	0	0	0	0	0	0	0	0	0	0	0	0
/input/intro-notes/StructureDefinition-us-quality-core-nutritionorder-intro.md	732	-	-	-	0	0	0	0	0	0	0	0	0	0	0	0	0	0	0	0	0	0	0	0	0	0	0	0	0
/input/intro-notes/StructureDefinition-us-quality-core-communication-notes.md	778	-	-	-	0	0	0	0	0	0	0	0	0	0	0	0	0	0	0	0	0	0	0	0	0	0	0	0	0
/input/intro-notes/StructureDefinition-us-quality-core-observation-imaging-result-intro.md	732	-	-	-	0	0	0	0	0	0	0	0	0	0	0	0	0	0	0	0	0	0	0	0	0	0	0	0	0
/input/intro-notes/StructureDefinition-us-quality-core-deviceusestatement-intro.md	732	-	-	-	0	0	0	0	0	0	0	0	0	0	0	0	0	0	0	0	0	0	0	0	0	0	0	0	0
/input/intro-notes/StructureDefinition-us-quality-core-nonpatient-observation-intro.md	732	-	-	-	0	0	0	0	0	0	0	0	0	0	0	0	0	0	0	0	0	0	1	0	0	0	0	0	0
/input/intro-notes/StructureDefinition-us-quality-core-condition-problems-health-concerns-intro.md	2007	-	-	-	0	0	0	0	0	0	0	0	0	0	0	0	0	0	0	0	0	0	0	0	0	0	0	0	0
/input/intro-notes/StructureDefinition-us-quality-core-task-intro.md	1572	-	-	-	0	0	0	0	0	0	0	0	0	0	0	0	0	0	0	0	0	0	0	0	0	0	0	0	0
/input/intro-notes/StructureDefinition-us-quality-core-location-intro.md	1484	-	-	-	0	0	0	0	0	0	0	0	0	0	0	0	0	0	0	0	0	0	0	0	0	0	0	0	0
/input/intro-notes/StructureDefinition-us-quality-core-diagnosticreport-lab-intro.md	1485	-	-	-	0	0	0	0	0	0	0	0	0	0	0	0	0	0	0	0	0	0	0	0	0	0	0	0	0
/input/intro-notes/StructureDefinition-us-quality-core-medication-notes.md	380	-	-	-	0	0	0	0	0	0	0	0	0	0	0	0	0	0	0	0	0	0	1	0	0	0	0	0	0
/input/pages/patterns.md	5874	-	-	-	0	0	0	0	0	0	0	0	0	0	0	0	0	0	0	0	0	0	0	0	0	0	0	0	0
/input/pages/general-requirements.md	9106	-	-	-	0	0	0	0	0	0	0	0	0	0	0	0	0	0	0	0	0	0	0	0	0	0	0	0	0
/input/pages/relationship-with-uscore-qicore.md	2974	-	-	-	0	0	0	0	0	0	0	0	0	0	0	0	0	0	0	0	0	0	1	0	0	0	0	0	0
/input/pages/changes.md	3460	-	-	-	0	0	0	0	0	0	0	0	0	0	0	0	0	0	0	0	0	0	0	0	0	0	0	0	0
/input/pages/guidance.md	204	-	-	-	0	0	0	0	0	0	0	0	0	0	0	0	0	0	0	0	0	0	0	0	0	0	0	0	0
/input/pages/negation.md	15587	-	-	-	0	0	0	0	0	0	0	0	0	0	0	0	0	0	0	0	0	0	1	0	0	0	0	0	0
/input/pages/index.md	9231	-	-	-	0	0	0	0	0	0	0	0	0	0	0	0	0	0	0	0	0	0	0	0	0	0	0	0	0
/input/pages/examples.md	8495	-	-	-	0	0	0	0	0	0	0	0	0	0	0	0	0	0	0	0	0	0	1	0	0	0	0	0	0
/input/pages/capability-statements.md	53	-	-	-	0	0	0	0	0	0	0	0	0	0	0	0	0	0	0	0	0	0	0	0	0	0	0	0	0
/input/pages/qdm-to-us-quality-core.md	298610	-	-	-	0	0	0	0	0	0	0	0	0	0	0	0	0	0	0	0	0	0	12	0	0	0	0	0	0
/input/pages/must-support.md	1639	-	-	-	0	0	0	0	0	0	0	0	0	0	0	0	0	0	0	0	0	0	0	0	0	0	0	0	0
/input/pages/modelinfo.md	1110	-	-	-	0	0	0	0	0	0	0	0	0	0	0	0	0	0	0	0	0	0	0	0	0	0	0	0	0
/input/pages/registry.md	675	-	-	-	0	0	0	0	0	0	0	0	0	0	0	0	0	0	0	0	0	0	0	0	0	0	0	0	0
/input/pages/terminology.md	1340	-	-	-	0	0	0	0	0	0	0	0	0	0	0	0	0	0	0	0	0	0	0	0	0	0	0	0	0
/input/pages/security.md	659	-	-	-	0	0	0	0	0	0	0	0	0	0	0	0	0	0	0	0	0	0	0	0	0	0	0	0	0
/input/pages/conformance.md	90	-	-	-	0	0	0	0	0	0	0	0	0	0	0	0	0	0	0	0	0	0	1	0	0	0	0	0	0
/input/pages/uscdiquality.md	3832	-	-	-	0	0	0	0	0	0	0	0	0	0	0	0	0	0	0	0	0	0	0	0	0	0	0	0	0
/input/pages/provenance.md	1112	-	-	-	0	0	0	0	0	0	0	0	0	0	0	0	0	0	0	0	0	0	0	0	0	0	0	0	0
/input/pages/profiles.md	21183	-	-	-	0	0	0	0	0	0	0	0	0	0	0	0	0	0	0	0	0	0	0	0	0	0	0	0	0
/input/pages/extensions.md	421	-	-	-	0	0	0	0	0	0	0	0	0	0	0	0	0	0	0	0	0	0	1	0	0	0	0	0	0
/input/pages/downloads.md	1513	-	-	-	0	0	0	0	0	0	0	0	0	0	0	0	0	0	0	0	0	0	0	0	0	0	0	0	0
/input/pages/cql-artifacts.md	141	-	-	-	0	0	0	0	0	0	0	0	0	0	0	0	0	0	0	0	0	0	0	0	0	0	0	0	0
/template/config	0	-	-	-	0	0	0	0	0	0	0	0	0	0	0	0	0	0	0	0	0	0	0	0	0	0	0	0	0
/template/config/_config.yml	140	-	-	-	0	0	0	0	0	0	0	0	0	0	0	0	0	0	0	0	0	0	0	0	0	0	0	0	0
/input/images	0	-	-	-	0	0	0	0	0	0	0	0	0	0	0	0	0	0	0	0	0	0	1	0	0	0	0	0	0
/input/images/intro-uscdi-plus-quality-elements.png	212507	-	-	-	0	0	0	0	0	0	0	0	0	0	0	0	0	0	0	0	0	0	0	0	0	0	0	0	0
/input/images/context-diagram.png	217314	-	-	-	0	0	0	0	0	0	0	0	0	0	0	0	0	0	0	0	0	0	1	0	0	0	0	0	0
/input/images/onc-logo.png	4362	-	-	-	0	0	0	0	0	0	0	0	0	0	0	0	0	0	0	0	0	0	0	0	0	0	0	0	0
/input/images/USCDI-plus-quality-flag.png	94988	-	-	-	0	0	0	0	0	0	0	0	0	0	0	0	0	0	0	0	0	0	0	0	0	0	0	0	0
/input/images/assets	0	-	-	-	0	0	0	0	0	0	0	0	0	0	0	0	0	0	0	0	0	0	0	0	0	0	0	0	0
/input/images/assets/cql.js	1289	-	-	-	0	0	0	0	0	0	0	0	0	0	0	0	0	0	0	0	0	0	0	0	0	0	0	0	0
/input/images/assets/usqualitycore-modelinfo-0.5.0.xml	252212	-	-	-	0	0	0	0	0	0	0	0	0	0	0	0	0	0	0	0	0	0	5	0	0	0	0	0	0
/temp/pages/_includes/artifacts.xml	165102	-	-	-	-	-	-	-	-	-	-	-	-	-	-	-	-	-	-	-	-	-	5	0	0	0	0	0	0
