URL,Version,Status,OIDs,Name,Title,Description,Used
http://hl7.org/fhir/CodeSystem/task-code,4.0.1,active,"2.16.840.1.113883.4.642.4.1397",TaskCode,Task Codes,"Codes indicating the type of action that is expected to be performed","ValueSet/task-code"
http://hl7.org/fhir/address-use,4.0.1,active,"2.16.840.1.113883.4.642.4.68",AddressUse,AddressUse,"The use of an address.","ValueSet/address-use"
http://hl7.org/fhir/claim-use,4.0.1,draft,"2.16.840.1.113883.4.642.4.545",Use,Use,"The purpose of the Claim: predetermination, preauthorization, claim.","ValueSet/claim-use"
http://hl7.org/fhir/event-status,4.0.1,draft,"2.16.840.1.113883.4.642.4.110",EventStatus,EventStatus,"Codes identifying the lifecycle stage of an event.","ValueSet/us-quality-core-non-negative-event-status,ValueSet/us-quality-core-non-negative-immunization-status"
http://hl7.org/fhir/fm-status,4.0.1,draft,"2.16.840.1.113883.4.642.4.593",FinancialResourceStatusCodes,Financial Resource Status Codes,"This value set includes Status codes.","ValueSet/fm-status"
http://hl7.org/fhir/name-use,4.0.1,active,"2.16.840.1.113883.4.642.4.66",NameUse,NameUse,"The use of a human name.","ValueSet/name-use"
http://hl7.org/fhir/observation-status,4.0.1,active,"2.16.840.1.113883.4.642.4.401",ObservationStatus,ObservationStatus,"Codes providing the status of an observation.","ValueSet/us-quality-core-non-negative-observation-status"
http://hl7.org/fhir/sid/cvx,4.0.1,active,"2.16.840.1.113883.12.292",CVX,Vaccine Administered Code Set (CVX),"The CDC's National Center of Immunization and Respiratory Diseases (NCIRD - see [https://www.cdc.gov/ncird/](https://www.cdc.gov/ncird/)) developed and maintains the CVX (vaccine administered) code set. It includes both active and inactive vaccines available in the US. CVX codes for inactive vaccines allow transmission of historical immunization records. When a MVX (manufacturer) code is paired with a CVX (vaccine administered) code, the specific trade named vaccine may be indicated. These codes should be used for immunization messages using either HL7 Version 2.3.1 or HL7 Version 2.5.1. CVX is the underlying Master Code System for V2 table 0292 (Vaccines Administered). The machine readable name for CVX in PHIN VADS is PH_VaccinesAdministeredCVX_CDC_NIP. The version of the CVX code set for certification can be found on the archive page:[https://www2a.cdc.gov/vaccines/iis/iisstandards/mu3versioned_codes.asp](https://www2a.cdc.gov/vaccines/iis/iisstandards/mu3versioned_codes.asp)     The Status column indicates if the vaccine is currently available in the United States.    *  Active: A currently available administrable vaccine     *  Inactive: An administrable vaccine formulation that is no longer available for patient administration, but can be found in historical patient records OR A historical record of a vaccine administered where the exact formulation is unknown     *  Pending: A vaccine that is expected to become active in the future     *  Non-US: A vaccine that available outside the US only     *  Never Active: A vaccine that was never available and is not in the pipeline of new vaccines     The Last Updated column indicates the last time this particular vaccine code was updated in this table.    Questions regarding this table should be directed to the IIS Technical Assistance Team via iisinfo@cdc.gov (or use mailing address via [https://www2a.cdc.gov/vaccines/iis/iisstandards/vaccines.asp?rpt=cvx#addr](https://www2a.cdc.gov/vaccines/iis/iisstandards/vaccines.asp?rpt=cvx#addr))     HL7 Implementers should note that 'Status' IS NOT CONCEPT STATUS as all codes are ACTIVE in this code system.    The current code system is available via [https://www2a.cdc.gov/vaccines/iis/iisstandards/vaccines.asp?rpt=cvx](https://www2a.cdc.gov/vaccines/iis/iisstandards/vaccines.asp?rpt=cvx)","ValueSet/2.16.840.1.113762.1.4.1010.6"
http://hl7.org/fhir/sid/ex-icd-10-procedures,4.0.1,draft,"2.16.840.1.113883.4.642.4.575",ICD-10ProcedureCodes,ICD-10 Procedure Codes,"This value set includes sample ICD-10 Procedure codes.","ValueSet/icd-10-procedures"
http://hl7.org/fhir/sid/icd-10,2.1.1,retired,"2.16.840.1.113883.6.3",Icd10,ICD-10,"International Classification of Diseases revision 10 (ICD 10)","ValueSet/icd-10"
http://hl7.org/fhir/sid/icd-10-cm,2.0.1,active,"2.16.840.1.113883.6.90",Icd10CM,International Classification of Diseases, 10th Revision, Clinical Modification (ICD-10-CM),"The International Classification of Diseases, 10th Revision, Clinical Modification (ICD-10-CM), describes the classification of morbidity and mortality information for statistical purposes and for the indexing of healthcare records by diseases. The ICD-10-CM codes can be used as the value of the Act.cd attribute.","ValueSet/us-core-condition-code"
http://hl7.org/fhir/sid/icd-9-cm,3.0.0,active,"2.16.840.1.113883.6.104",ICD9CMProcedureCodes,ICD-9-CM (procedure codes),"The International Classification of Diseases, 9th Revision, Clinical Modification (ICD-9-CM), Volumes I, II (diagnoses) and III (procedures) describes the classification of morbidity and mortality information for statistical purposes and for the indexing of healthcare records by diseases and procedures. The ICD-9-CM codes can be used as the value of the Act.cd attribute.","ValueSet/us-core-condition-code"
http://hl7.org/fhir/task-status,4.0.1,draft,"2.16.840.1.113883.4.642.4.791",TaskStatus,TaskStatus,"The current status of the task.","ValueSet/us-quality-core-non-negative-task-status"
http://hl7.org/fhir/us/core/CodeSystem/us-core-category,7.0.0,active,"2.16.840.1.113883.4.642.40.2.16.3",USCoreCategory,US Core Category,"Category codes used across US Core Profiles and resource types. They are typically used when there is a need for categorization for searching and finding resources or workflow hints.","ValueSet/us-core-screening-assessment-observation-category"
http://loinc.org,3.1.0,active,"2.16.840.1.113883.6.1",LOINC,Logical Observation Identifiers, Names and Codes (LOINC),"LOINC provides a set of universal names and ID codes for identifying laboratory and clinical test results.1,2 LOINC facilitates the exchange and pooling of results, such as blood hemoglobin, serum potassium, or vital signs, for clinical care, outcomes management, and research. LOINC's universal identifiers (names and codes) can be used in the context of order and observation exchanges between information systems that use syntax standards such as HL73, CEN TC251, ISO TC215, ASTM4, and DICOM. Specifically, the identifier can be used as the coded value for an observation in any other standard that uses the observation/observation value paradigm, whether messages, documents, application programming interface (API), etc. For example, LOINC codes are used widely in the OBX segment Observation Identifier field (OBX-3) of an ORU HL7 (HL7 version 2.x or ASTM 1238-9410) message that may be sent between a Clinical Laboratory Information Management Systems (LIMS) and Electronic Health Record Systems (EHR).5, 6 In this way, LOINC codes provide universal identifiers that allow the exchange of clinical data between heterogeneous computing environments.","ValueSet/us-core-laboratory-test-codes,ValueSet/us-core-diagnosticreport-report-and-note-codes,ValueSet/observation-codes,ValueSet/us-core-survey-codes"
http://nucc.org/provider-taxonomy,22.1,active,,NUCC_Provider_Taxonomy,NUCC Provider Taxonomy,"The Health Care Provider Taxonomy code is a unique alphanumeric code, ten characters in length. The code set is structured into three distinct 'Levels' including Provider Type, Classification, and Area of Specialization.","ValueSet/2.16.840.1.114222.4.11.1066"
http://snomed.info/sct,null,active,"2.16.840.1.113883.6.96",SNOMED_CT,SNOMED CT (all versions),"SNOMED CT is the most comprehensive and precise clinical health terminology product in the world, owned and distributed around the world by The International Health Terminology Standards Development Organisation (IHTSDO).","ValueSet/device-kind,ValueSet/us-quality-core-observation-body-position,ValueSet/route-codes,ValueSet/substance-code,ValueSet/procedure-reason,ValueSet/us-quality-core-medication-dose-type,ValueSet/bodystructure-relative-location,ValueSet/us-core-observation-value-codes,ValueSet/immunization-evaluation-target-disease,ValueSet/condition-code,ValueSet/us-core-condition-code,ValueSet/immunization-status-reason,ValueSet/medication-codes,ValueSet/adverse-event-type,ValueSet/care-plan-category,ValueSet/body-site,ValueSet/flag-code,ValueSet/goal-start-event,ValueSet/condition-severity"
http://terminology.hl7.org/CodeSystem/appropriateness-score,2.0.0,active,,AppropriatenessScore,Appropriateness Score,"The scoring for appropriateness of an action based upon RAND.","ValueSet/appropriateness-score"
http://terminology.hl7.org/CodeSystem/claim-type,4.0.1,draft,"2.16.840.1.113883.4.642.4.1156",ClaimTypeCodes,Claim Type Codes,"This value set includes Claim Type codes.","ValueSet/claim-type"
http://terminology.hl7.org/CodeSystem/communication-category,4.0.1,draft,"2.16.840.1.113883.4.642.4.1076",CommunicationCategory,CommunicationCategory,"Codes for general categories of communications such as alerts, instructions, etc.","ValueSet/communication-category"
http://terminology.hl7.org/CodeSystem/communication-topic,4.0.1,draft,"2.16.840.1.113883.4.642.4.1078",CommunicationTopic,CommunicationTopic,"Codes describing the purpose or content of the communication.","ValueSet/communication-topic"
http://terminology.hl7.org/CodeSystem/data-absent-reason,4.0.1,active,"2.16.840.1.113883.4.642.4.1048",DataAbsentReason,DataAbsentReason,"Used to specify why the normally expected content of the data element is missing.","ValueSet/data-absent-reason"
http://terminology.hl7.org/CodeSystem/discharge-disposition,4.0.1,draft,"2.16.840.1.113883.4.642.4.1093",DischargeDisposition,Discharge disposition,"This value set defines a set of codes that can be used to where the patient left the hospital.","ValueSet/clinical-discharge-disposition"
http://terminology.hl7.org/CodeSystem/flag-category,4.0.1,draft,"2.16.840.1.113883.4.642.4.1071",FlagCategory,Flag Category,"Example list of general categories for flagged issues. (Not complete or necessarily appropriate.)","ValueSet/flag-category"
http://terminology.hl7.org/CodeSystem/immunization-evaluation-dose-status,4.0.1,draft,"2.16.840.1.113883.4.642.4.1102",ImmunizationEvaluationDoseStatusCodes,Immunization Evaluation Dose Status codes,"The value set to instantiate this attribute should be drawn from a terminologically robust code system that consists of or contains concepts to support describing the validity of a dose relative to a particular recommended schedule. This value set is provided as a suggestive example.","ValueSet/immunization-evaluation-dose-status"
http://terminology.hl7.org/CodeSystem/medication-admin-status,4.0.1,draft,"2.16.840.1.113883.4.642.4.1311",MedicationAdministration Status Codes,Medication administration  status  codes,"MedicationAdministration Status Codes","ValueSet/us-quality-core-non-negative-medication-admin-status"
http://terminology.hl7.org/CodeSystem/medicationdispense-status,4.0.1,draft,"2.16.840.1.113883.4.642.4.1313",MedicationDispense Status Codes,Medication dispense  status  codes,"MedicationDispense Status Codes","ValueSet/us-quality-core-non-negative-medicationdispense-status,ValueSet/medicationdispense-status"
http://terminology.hl7.org/CodeSystem/observation-category,4.0.1,draft,"2.16.840.1.113883.4.642.4.1125",ObservationCategoryCodes,Observation Category Codes,"Observation Category codes.","ValueSet/us-core-clinical-result-observation-category,ValueSet/observation-category"
http://terminology.hl7.org/CodeSystem/organization-type,4.0.1,draft,"2.16.840.1.113883.4.642.4.1128",OrganizationType,Organization type,"This example value set defines a set of codes that can be used to indicate a type of organization.","ValueSet/organization-type"
http://terminology.hl7.org/CodeSystem/v2-0074,2.9,active,"2.16.840.1.113883.18.29",v2.0074,v2 DIAGNOSTIC SERVICE SECTION ID,"FHIR Value set/code system definition for HL7 v2 table 0074 ( DIAGNOSTIC SERVICE SECTION ID)","ValueSet/diagnostic-service-sections"
http://terminology.hl7.org/CodeSystem/v3-ActCode,2018-08-12,active,"2.16.840.1.113883.5.4",v3.ActCode,v3 Code System ActCode," A code specifying the particular kind of Act that the Act-instance represents within its class.  Constraints:  The kind of Act (e.g. physical examination, serum potassium, inpatient encounter, charge financial transaction, etc.) is specified with a code from one of several, typically external, coding systems.  The coding system will depend on the class of Act, such as LOINC for observations, etc. Conceptually, the Act.code must be a specialization of the Act.classCode. This is why the structure of ActClass domain should be reflected in the superstructure of the ActCode domain and then individual codes or externally referenced vocabularies subordinated under these domains that reflect the ActClass structure. Act.classCode and Act.code are not modifiers of each other but the Act.code concept should really imply the Act.classCode concept. For a negative example, it is not appropriate to use an Act.code ""potassium"" together with and Act.classCode for ""laboratory observation"" to somehow mean ""potassium laboratory observation"" and then use the same Act.code for ""potassium"" together with Act.classCode for ""medication"" to mean ""substitution of potassium"". This mutually modifying use of Act.code and Act.classCode is not permitted.","ValueSet/v3-ActPharmacySupplyType"
http://terminology.hl7.org/CodeSystem/v3-ActReason,2018-08-12,active,"2.16.840.1.113883.5.8",v3.ActReason,v3 Code System ActReason," A set of codes specifying the motivation, cause, or rationale of an Act, when such rationale is not reasonably represented as an ActRelationship of type ""has reason"" linking to another Act.  Examples:  Example reasons that might qualify for being coded in this field might be: ""routine requirement"", ""infectious disease reporting requirement"", ""on patient request"", ""required by law"".","ValueSet/immunization-status-reason"
http://terminology.hl7.org/CodeSystem/v3-ObservationInterpretation,2018-08-12,active,"2.16.840.1.113883.5.83",v3.ObservationInterpretation,v3 Code System ObservationInterpretation,"One or more codes providing a rough qualitative interpretation of the observation, such as ""normal"" / ""abnormal"", ""low"" / ""high"", ""better"" / ""worse"", ""resistant"" /  ""susceptible"", ""expected"" / ""not expected"". The value set is intended to be for ANY use where coded representation of an interpretation is needed.","ValueSet/observation-interpretation"
http://terminology.hl7.org/CodeSystem/v3-RoleCode,2018-08-12,active,"2.16.840.1.113883.5.111",v3.RoleCode,v3 Code System RoleCode," A set of codes further specifying the kind of Role; specific classification codes for further qualifying RoleClass codes.","ValueSet/v3-FamilyMember"
https://nahdo.org/sopt,9.2,active,,SOP,Source of Payment Typology,"","ValueSet/2.16.840.1.114222.4.11.3591"
https://www.cms.gov/Medicare/Medicare-Fee-for-Service-Payment/HospitalAcqCond/Coding,07/14/2020,active,"2.16.840.1.113883.6.301.11",PresentOnAdmission,CMS Present on Admission (POA) Indicator,"This code system consists of Present on Admission (POA) indicators which are assigned to the principal and secondary diagnoses (as defined in Section II of the Official Guidelines for Coding and Reporting) and the external cause of injury codes to indicate the presence or absence of the diagnosis at the time of inpatient admission.","ValueSet/POAIndicators,ValueSet/us-quality-core-present-on-admission"
